Fold,Optimal Threshold
Fold_0,0.014
Fold_1,0.012
Fold_2,0.01
Fold_3,0.018000000000000002
Fold_4,0.018000000000000002
Fold_5,0.016
Fold_6,0.022
Fold_7,0.012
Fold_8,0.018000000000000002
Fold_9,0.022
Fold_10,0.014
Fold_11,0.012
Fold_12,0.018000000000000002
Fold_13,0.018000000000000002
Fold_14,0.014
Fold_15,0.014
Fold_16,0.018000000000000002
Fold_17,0.014
Fold_18,0.014
Fold_19,0.014
