Fold,Optimal Threshold
Fold_0,0.022
Fold_1,0.022
Fold_2,0.032
Fold_3,0.02
Fold_4,0.022
Fold_5,0.022
Fold_6,0.02
Fold_7,0.018000000000000002
Fold_8,0.018000000000000002
Fold_9,0.014
Fold_10,0.022
Fold_11,0.02
Fold_12,0.022
Fold_13,0.022
Fold_14,0.022
Fold_15,0.02
Fold_16,0.022
Fold_17,0.022
Fold_18,0.032
Fold_19,0.024
